d,y1,y2,ds,y1s,y2s
1,1.517637,-.4126937,0,-1.517637,.4126937
1,2.659709,-.2706389,0,-2.659709,.2706389
1,1.144101,-.1292536,0,-1.144101,.1292536
1,1.261691,.0472907,0,-1.261691,-.0472907
1,.750238,.167755,0,-.750238,-.167755
1,1.332809,.2423218,0,-1.332809,-.2423218
1,.939199,.2817865,0,-.939199,-.2817865
1,-.7372455,.3017127,0,.7372455,-.3017127
1,.9709566,.3959899,0,-.9709566,-.3959899
1,1.529407,.4415469,0,-1.529407,-.4415469
1,.5940438,.4777816,0,-.5940438,-.4777816
1,1.217145,.5087609,0,-1.217145,-.5087609
1,1.461613,.5249323,0,-1.461613,-.5249323
1,2.17927,.5477638,0,-2.17927,-.5477638
1,1.242579,.6058266,0,-1.242579,-.6058266
1,2.109043,.6282786,0,-2.109043,-.6282786
1,.3222469,.6328307,0,-.3222469,-.6328307
1,-.2786134,.6601702,0,.2786134,-.6601702
1,1.760539,.6706477,0,-1.760539,-.6706477
1,.568431,.6720356,0,-.568431,-.6720356
1,.9473978,.7279006,0,-.9473978,-.7279006
1,.6657201,.7472959,0,-.6657201,-.7472959
1,2.539391,.7740126,0,-2.539391,-.7740126
1,-.0980587,.8336619,0,.0980587,-.8336619
1,.6805192,.8358455,0,-.6805192,-.8358455
1,-.0000395,.8697496,0,.0000395,-.8697496
1,-.7462378,.8755434,0,.7462378,-.8755434
1,2.349956,.9149697,0,-2.349956,-.9149697
1,2.039522,.9261379,0,-2.039522,-.9261379
1,.7766935,.9326991,0,-.7766935,-.9326991
1,2.029361,.9424278,0,-2.029361,-.9424278
1,1.634888,.9553673,0,-1.634888,-.9553673
1,.9731842,.9811851,0,-.9731842,-.9811851
1,-.479869,1.000731,0,.479869,-1.000731
1,.6521431,1.028924,0,-.6521431,-1.028924
1,1.309959,1.055241,0,-1.309959,-1.055241
1,.7371674,1.057962,0,-.7371674,-1.057962
1,2.577569,1.066318,0,-2.577569,-1.066318
1,.2420233,1.067822,0,-.2420233,-1.067822
1,.6251945,1.068656,0,-.6251945,-1.068656
1,.7456278,1.123581,0,-.7456278,-1.123581
1,-1.040646,1.182669,0,1.040646,-1.182669
1,.1149206,1.202089,0,-.1149206,-1.202089
1,.2221183,1.20213,0,-.2221183,-1.20213
1,1.709179,1.2148,0,-1.709179,-1.2148
1,1.194395,1.243382,0,-1.194395,-1.243382
1,-.7915338,1.261296,0,.7915338,-1.261296
1,2.045766,1.278877,0,-2.045766,-1.278877
1,2.39107,1.282591,0,-2.39107,-1.282591
1,-1.159987,1.294787,0,1.159987,-1.294787
1,2.262159,1.296346,0,-2.262159,-1.296346
1,1.259682,1.306916,0,-1.259682,-1.306916
1,.3890029,1.338059,0,-.3890029,-1.338059
1,2.066834,1.349476,0,-2.066834,-1.349476
1,3.002201,1.349765,0,-3.002201,-1.349765
1,1.630243,1.366677,0,-1.630243,-1.366677
1,.7263048,1.371565,0,-.7263048,-1.371565
1,1.673968,1.388056,0,-1.673968,-1.388056
1,1.331158,1.391504,0,-1.331158,-1.391504
1,3.183227,1.404106,0,-3.183227,-1.404106
1,.4895343,1.405849,0,-.4895343,-1.405849
1,-.0599002,1.411345,0,.0599002,-1.411345
1,.1623285,1.414652,0,-.1623285,-1.414652
1,2.371953,1.41544,0,-2.371953,-1.41544
1,1.80877,1.41557,0,-1.80877,-1.41557
1,.8342475,1.417475,0,-.8342475,-1.417475
1,-.563572,1.441813,0,.563572,-1.441813
1,2.197909,1.445277,0,-2.197909,-1.445277
1,.6522929,1.494373,0,-.6522929,-1.494373
1,.205766,1.497442,0,-.205766,-1.497442
1,1.20875,1.520321,0,-1.20875,-1.520321
1,-.4918502,1.522144,0,.4918502,-1.522144
1,.2964879,1.55594,0,-.2964879,-1.55594
1,.9849491,1.556725,0,-.9849491,-1.556725
1,1.567294,1.561545,0,-1.567294,-1.561545
1,1.190434,1.562608,0,-1.190434,-1.562608
1,.3189218,1.591305,0,-.3189218,-1.591305
1,1.519882,1.59976,0,-1.519882,-1.59976
1,1.123769,1.605569,0,-1.123769,-1.605569
1,2.486558,1.635282,0,-2.486558,-1.635282
1,2.74896,1.63794,0,-2.74896,-1.63794
1,1.579534,1.642717,0,-1.579534,-1.642717
1,2.696455,1.6493,0,-2.696455,-1.6493
1,.3645402,1.65782,0,-.3645402,-1.65782
1,1.061751,1.702431,0,-1.061751,-1.702431
1,1.136273,1.711239,0,-1.136273,-1.711239
1,1.790398,1.719467,0,-1.790398,-1.719467
1,.0220773,1.725178,0,-.0220773,-1.725178
1,.5972663,1.729271,0,-.5972663,-1.729271
1,.9162685,1.732494,0,-.9162685,-1.732494
1,-.7426614,1.740902,0,.7426614,-1.740902
1,2.35587,1.753618,0,-2.35587,-1.753618
1,2.389916,1.776517,0,-2.389916,-1.776517
1,1.739775,1.800172,0,-1.739775,-1.800172
1,.5334508,1.830888,0,-.5334508,-1.830888
1,1.471175,1.834256,0,-1.471175,-1.834256
1,.8676391,1.84689,0,-.8676391,-1.84689
1,1.822218,1.879779,0,-1.822218,-1.879779
1,.8846766,1.905277,0,-.8846766,-1.905277
1,.4427056,1.910324,0,-.4427056,-1.910324
1,1.154756,1.942377,0,-1.154756,-1.942377
1,.9256787,1.94503,0,-.9256787,-1.94503
1,1.514139,1.96906,0,-1.514139,-1.96906
1,2.811374,1.977252,0,-2.811374,-1.977252
1,-.6932225,1.988854,0,.6932225,-1.988854
1,1.136356,1.989135,0,-1.136356,-1.989135
1,1.22002,2.029351,0,-1.22002,-2.029351
1,1.205337,2.058868,0,-1.205337,-2.058868
1,-1.166296,2.071267,0,1.166296,-2.071267
1,1.513374,2.071972,0,-1.513374,-2.071972
1,1.264554,2.0792,0,-1.264554,-2.0792
1,1.583938,2.094621,0,-1.583938,-2.094621
1,1.115713,2.136069,0,-1.115713,-2.136069
1,.9702719,2.142435,0,-.9702719,-2.142435
1,.2502535,2.144042,0,-.2502535,-2.144042
1,.4479193,2.145703,0,-.4479193,-2.145703
1,1.442786,2.210184,0,-1.442786,-2.210184
1,.8250227,2.230497,0,-.8250227,-2.230497
1,.9697907,2.253198,0,-.9697907,-2.253198
1,-.71292,2.253831,0,.71292,-2.253831
1,.2856623,2.25511,0,-.2856623,-2.25511
1,-.2041447,2.267976,0,.2041447,-2.267976
1,1.282422,2.269244,0,-1.282422,-2.269244
1,.9733487,2.286303,0,-.9733487,-2.286303
1,.6309712,2.288251,0,-.6309712,-2.288251
1,1.772407,2.289832,0,-1.772407,-2.289832
1,-.363656,2.300175,0,.363656,-2.300175
1,1.73312,2.321382,0,-1.73312,-2.321382
1,1.145364,2.333763,0,-1.145364,-2.333763
1,.2883343,2.339512,0,-.2883343,-2.339512
1,.6210222,2.341712,0,-.6210222,-2.341712
1,.5918629,2.36787,0,-.5918629,-2.36787
1,.55238,2.391619,0,-.55238,-2.391619
1,1.670584,2.427626,0,-1.670584,-2.427626
1,2.064103,2.43497,0,-2.064103,-2.43497
1,.1119658,2.438294,0,-.1119658,-2.438294
1,-.4444702,2.493133,0,.4444702,-2.493133
1,2.698934,2.513797,0,-2.698934,-2.513797
1,-.3536791,2.538019,0,.3536791,-2.538019
1,2.821237,2.545398,0,-2.821237,-2.545398
1,1.275419,2.552273,0,-1.275419,-2.552273
1,1.086136,2.562418,0,-1.086136,-2.562418
1,-1.616281,2.566356,0,1.616281,-2.566356
1,.8594644,2.60161,0,-.8594644,-2.60161
1,-.1231332,2.604351,0,.1231332,-2.604351
1,1.877,2.644837,0,-1.877,-2.644837
1,2.933355,2.676184,0,-2.933355,-2.676184
1,2.811206,2.680782,0,-2.811206,-2.680782
1,-.9555106,2.683963,0,.9555106,-2.683963
1,1.130372,2.723628,0,-1.130372,-2.723628
1,.5586898,2.724539,0,-.5586898,-2.724539
1,.7745612,2.74159,0,-.7745612,-2.74159
1,-.1503894,2.761866,0,.1503894,-2.761866
1,1.884306,2.765032,0,-1.884306,-2.765032
1,.440798,2.78303,0,-.440798,-2.78303
1,1.288458,2.784256,0,-1.288458,-2.784256
1,-1.695917,2.784324,0,1.695917,-2.784324
1,1.267273,2.788479,0,-1.267273,-2.788479
1,-.5328732,2.822228,0,.5328732,-2.822228
1,3.218782,2.836497,0,-3.218782,-2.836497
1,.9305443,2.862787,0,-.9305443,-2.862787
1,1.084579,2.890356,0,-1.084579,-2.890356
1,3.024295,2.89047,0,-3.024295,-2.89047
1,.2622651,2.913278,0,-.2622651,-2.913278
1,.228983,2.916082,0,-.228983,-2.916082
1,1.577804,2.920016,0,-1.577804,-2.920016
1,2.400436,2.923132,0,-2.400436,-2.923132
1,1.005748,2.989347,0,-1.005748,-2.989347
1,2.943212,3.021063,0,-2.943212,-3.021063
1,1.431437,3.050962,0,-1.431437,-3.050962
1,.6968555,3.063353,0,-.6968555,-3.063353
1,2.471296,3.087791,0,-2.471296,-3.087791
1,.7098583,3.09417,0,-.7098583,-3.09417
1,2.37889,3.102079,0,-2.37889,-3.102079
1,2.691652,3.125554,0,-2.691652,-3.125554
1,.5437564,3.14797,0,-.5437564,-3.14797
1,-1.024713,3.19121,0,1.024713,-3.19121
1,.2866274,3.202835,0,-.2866274,-3.202835
1,.9449546,3.251791,0,-.9449546,-3.251791
1,1.391526,3.265379,0,-1.391526,-3.265379
1,-.1745373,3.293109,0,.1745373,-3.293109
1,1.634286,3.328976,0,-1.634286,-3.328976
1,-1.177141,3.334483,0,1.177141,-3.334483
1,2.133329,3.376963,0,-2.133329,-3.376963
1,1.741061,3.382205,0,-1.741061,-3.382205
1,1.397842,3.434615,0,-1.397842,-3.434615
1,1.06612,3.498271,0,-1.06612,-3.498271
1,.6029575,3.516052,0,-.6029575,-3.516052
1,.7759465,3.594245,0,-.7759465,-3.594245
1,.7624651,3.599862,0,-.7624651,-3.599862
1,.6732256,3.612129,0,-.6732256,-3.612129
1,1.675663,3.682473,0,-1.675663,-3.682473
1,1.634599,3.739934,0,-1.634599,-3.739934
1,.8211898,3.891951,0,-.8211898,-3.891951
1,1.511506,3.932997,0,-1.511506,-3.932997
1,1.977622,3.979486,0,-1.977622,-3.979486
1,.7762944,3.98419,0,-.7762944,-3.98419
1,1.885532,4.02176,0,-1.885532,-4.02176
1,2.132855,4.12386,0,-2.132855,-4.12386
1,2.74987,4.298202,0,-2.74987,-4.298202
0,.4897957,-.9491104,1,-.4897957,.9491104
0,-1.337552,-1.205237,1,1.337552,1.205237
0,.0624059,-2.306575,1,-.0624059,2.306575
0,.7882754,-3.206117,1,-.7882754,3.206117
0,-.7947755,-.6668471,1,.7947755,.6668471
0,.6480826,-.6518704,1,-.6480826,.6518704
0,.5634811,-1.997631,1,-.5634811,1.997631
0,-1.494656,-1.875084,1,1.494656,1.875084
0,.6895691,-.4974954,1,-.6895691,.4974954
0,.9400724,-1.21904,1,-.9400724,1.21904
0,-.8554394,-.9148705,1,.8554394,.9148705
0,.6077701,-1.628299,1,-.6077701,1.628299
0,-.7290043,-.8707797,1,.7290043,.8707797
0,-.0316555,-1.673676,1,.0316555,1.673676
0,-.9261589,-1.03463,1,.9261589,1.03463
0,-.90075,-.5500753,1,.90075,.5500753
0,1.090912,-1.94396,1,-1.090912,1.94396
0,-.2527662,-1.382602,1,.2527662,1.382602
0,-1.273037,-1.035228,1,1.273037,1.035228
0,-.2208875,-1.366758,1,.2208875,1.366758
0,-.6958879,-2.188263,1,.6958879,2.188263
0,-1.590285,-1.269312,1,1.590285,1.269312
0,1.117511,-.6722608,1,-1.117511,.6722608
0,.6675774,-.4249873,1,-.6675774,.4249873
0,1.791318,-1.060448,1,-1.791318,1.060448
0,-.3094446,-.8137503,1,.3094446,.8137503
0,-.2425669,-.5920632,1,.2425669,.5920632
0,1.576097,-2.276941,1,-1.576097,2.276941
0,-.4634836,-.5295828,1,.4634836,.5295828
0,-2.021098,-1.152761,1,2.021098,1.152761
0,-1.457159,-1.077525,1,1.457159,1.077525
0,-1.082621,-.4909537,1,1.082621,.4909537
0,-.3890529,-.6184814,1,.3890529,.6184814
0,.0443594,-.9203233,1,-.0443594,.9203233
0,1.420798,-.5478975,1,-1.420798,.5478975
0,1.139593,-.7022061,1,-1.139593,.7022061
0,.9390058,-1.090828,1,-.9390058,1.090828
0,-.7069268,-.8079872,1,.7069268,.8079872
0,.4539899,-1.103965,1,-.4539899,1.103965
0,1.338886,-.6614782,1,-1.338886,.6614782
0,.2346061,-1.415874,1,-.2346061,1.415874
0,-.4275124,-.7105142,1,.4275124,.7105142
0,-1.352346,-1.564874,1,1.352346,1.564874
0,-.5007085,-.5926574,1,.5007085,.5926574
0,.2579552,-.9434481,1,-.2579552,.9434481
0,.2403686,-.4610966,1,-.2403686,.4610966
0,-.8473805,-.7708067,1,.8473805,.7708067
0,.8365351,-.8636014,1,-.8365351,.8636014
0,.5861527,-1.328787,1,-.5861527,1.328787
0,-.023242,-1.90845,1,.023242,1.90845
0,-.932475,-1.129182,1,.932475,1.129182
0,.3895873,-1.703412,1,-.3895873,1.703412
0,2.546394,-1.10382,1,-2.546394,1.10382
0,.3090633,-.6000315,1,-.3090633,.6000315
0,-1.684548,-1.510929,1,1.684548,1.510929
0,.8625873,-1.672512,1,-.8625873,1.672512
0,-1.865998,-1.818464,1,1.865998,1.818464
0,.4880314,-.7825572,1,-.4880314,.7825572
0,-.1188582,-1.22346,1,.1188582,1.22346
0,-.8264278,-3.543229,1,.8264278,3.543229
0,.3795877,-.6096205,1,-.3795877,.6096205
0,-1.30347,-1.995732,1,1.30347,1.995732
0,1.066178,-.5157532,1,-1.066178,.5157532
0,.0015447,-.474582,1,-.0015447,.474582
0,-1.673251,-2.072247,1,1.673251,2.072247
0,.2804905,-1.154531,1,-.2804905,1.154531
0,-.2785393,-.4158344,1,.2785393,.4158344
0,-.9731766,-1.003359,1,.9731766,1.003359
0,.8553593,-.5728878,1,-.8553593,.5728878
0,.4432525,-1.512592,1,-.4432525,1.512592
0,-1.884798,-.8333896,1,1.884798,.8333896
0,-.5822881,-1.180316,1,.5822881,1.180316
0,1.711458,-.7536149,1,-1.711458,.7536149
0,.5950876,-1.417443,1,-.5950876,1.417443
0,-.2602922,-.6052994,1,.2602922,.6052994
0,-1.136271,-1.162541,1,1.136271,1.162541
0,1.148064,-1.628424,1,-1.148064,1.628424
0,1.13987,-.852811,1,-1.13987,.852811
0,1.706709,-.8780632,1,-1.706709,.8780632
0,-.0558398,-1.443106,1,.0558398,1.443106
0,-.3477202,-.8543237,1,.3477202,.8543237
0,-.360969,-.8211213,1,.360969,.8211213
0,1.366109,-1.104926,1,-1.366109,1.104926
0,-.8612437,-.9888,1,.8612437,.9888
0,1.736882,-.9660262,1,-1.736882,.9660262
0,.7074615,-1.128538,1,-.7074615,1.128538
0,-.5102367,-1.310722,1,.5102367,1.310722
0,.7181696,-.7364877,1,-.7181696,.7364877
0,.5057307,-.5615185,1,-.5057307,.5615185
0,.0370132,-.9647816,1,-.0370132,.9647816
0,-.7989581,-.588649,1,.7989581,.588649
0,.3750944,-.7115849,1,-.3750944,.7115849
0,-1.196744,-.5360447,1,1.196744,.5360447
0,-1.244285,-1.516216,1,1.244285,1.516216
0,-.3018382,-.4403709,1,.3018382,.4403709
0,-.3270621,-1.238115,1,.3270621,1.238115
0,-1.986706,-.5105002,1,1.986706,.5105002
0,.1384571,-.5900404,1,-.1384571,.5900404
0,1.719247,-2.033921,1,-1.719247,2.033921
0,2.162446,-1.261708,1,-2.162446,1.261708
0,.405841,-1.872214,1,-.405841,1.872214
0,1.75996,-1.257582,1,-1.75996,1.257582
0,.3369357,-1.249143,1,-.3369357,1.249143
0,.0449339,-.7769721,1,-.0449339,.7769721
0,-1.100678,-1.341834,1,1.100678,1.341834
0,2.579112,-.9980158,1,-2.579112,.9980158
0,-.952791,-.610813,1,.952791,.610813
0,.4747612,-.6944615,1,-.4747612,.6944615
0,.8658152,-.8279861,1,-.8658152,.8279861
0,-.2800747,-1.074223,1,.2800747,1.074223
0,1.580261,-.7831672,1,-1.580261,.7831672
0,1.138501,-1.868333,1,-1.138501,1.868333
0,2.07289,-1.149829,1,-2.07289,1.149829
0,.2544546,-.4332647,1,-.2544546,.4332647
0,-.4847898,-1.324536,1,.4847898,1.324536
0,-.9061393,-.654838,1,.9061393,.654838
0,-1.308515,-.5324654,1,1.308515,.5324654
0,.3710395,-.4479226,1,-.3710395,.4479226
0,-1.099412,-.5923865,1,1.099412,.5923865
0,-.311107,-.5896502,1,.311107,.5896502
0,-.6842787,-1.368416,1,.6842787,1.368416
0,.830599,-.6153898,1,-.830599,.6153898
0,.6560752,-.846472,1,-.6560752,.846472
0,-.5104365,-1.201266,1,.5104365,1.201266
0,-.6088206,-.4902245,1,.6088206,.4902245
0,-.0349857,-.4750856,1,.0349857,.4750856
0,-.9935912,-1.440727,1,.9935912,1.440727
0,2.261806,-.578693,1,-2.261806,.578693
0,-1.003161,-.9378968,1,1.003161,.9378968
0,.1308475,-.7775609,1,-.1308475,.7775609
0,.1084867,-1.480889,1,-.1084867,1.480889
0,2.068948,-.7771963,1,-2.068948,.7771963
0,-.1898615,-1.273268,1,.1898615,1.273268
0,.0375011,-1.900076,1,-.0375011,1.900076
0,-.0901875,-.7243304,1,.0901875,.7243304
0,.9602704,-2.293018,1,-.9602704,2.293018
0,-.7689243,-1.489863,1,.7689243,1.489863
0,-1.151025,-2.021103,1,1.151025,2.021103
0,-.6977642,-.6623119,1,.6977642,.6623119
0,-1.81984,-.8831271,1,1.81984,.8831271
0,.0751964,-.5490777,1,-.0751964,.5490777
0,1.612003,-1.692986,1,-1.612003,1.692986
0,.7242305,-.5595231,1,-.7242305,.5595231
0,.4630986,-1.534793,1,-.4630986,1.534793
0,-.3255658,-1.602248,1,.3255658,1.602248
0,-.6416546,-.74024,1,.6416546,.74024
0,.6024231,-1.62851,1,-.6024231,1.62851
0,-1.431483,-1.768955,1,1.431483,1.768955
0,.6013277,-2.309071,1,-.6013277,2.309071
0,.720025,-.9888296,1,-.720025,.9888296
0,.9451567,-.7016399,1,-.9451567,.7016399
0,.6487123,-.5569808,1,-.6487123,.5569808
0,.8949777,-.4922416,1,-.8949777,.4922416
0,-.0585225,-1.591165,1,.0585225,1.591165
0,-.0805638,-.7350333,1,.0805638,.7350333
0,.4712241,-.7841067,1,-.4712241,.7841067
0,1.519424,-.8204562,1,-1.519424,.8204562
0,-.1443767,-1.070963,1,.1443767,1.070963
0,.1370862,-.9584855,1,-.1370862,.9584855
0,-.6999066,-1.070754,1,.6999066,1.070754
0,-.1874905,-1.359092,1,.1874905,1.359092
0,1.082461,-1.85901,1,-1.082461,1.85901
0,.101831,-2.238846,1,-.101831,2.238846
0,.0321146,-1.773105,1,-.0321146,1.773105
0,1.211275,-1.361966,1,-1.211275,1.361966
0,1.094223,-1.253521,1,-1.094223,1.253521
0,1.335731,-.9865959,1,-1.335731,.9865959
0,-1.567255,-.712769,1,1.567255,.712769
0,-1.775471,-.6510365,1,1.775471,.6510365
0,.7525178,-.4963965,1,-.7525178,.4963965
0,-.5018818,-1.550896,1,.5018818,1.550896
0,.0950075,-1.649455,1,-.0950075,1.649455
0,-.2882378,-1.656503,1,.2882378,1.656503
0,.0194591,-1.645679,1,-.0194591,1.645679
0,-.2798696,-1.471859,1,.2798696,1.471859
0,-.2783076,-1.020575,1,.2783076,1.020575
0,.3016531,-.4332745,1,-.3016531,.4332745
0,-.9975268,-.8599331,1,.9975268,.8599331
0,-.1058109,-.7171369,1,.1058109,.7171369
0,1.028289,-.8390533,1,-1.028289,.8390533
0,-.5586259,-1.310799,1,.5586259,1.310799
0,-.110686,-.4741777,1,.110686,.4741777
0,-.2976037,-.774147,1,.2976037,.774147
0,1.552692,-1.195577,1,-1.552692,1.195577
0,.2334475,-1.018403,1,-.2334475,1.018403
0,-1.053326,-1.686354,1,1.053326,1.686354
0,-.0797461,-.5157998,1,.0797461,.5157998
0,1.599064,-.7425058,1,-1.599064,.7425058
0,-.3973405,-1.160934,1,.3973405,1.160934
0,.3016121,-1.73505,1,-.3016121,1.73505
0,.6997281,-.6305609,1,-.6997281,.6305609
0,.0844026,-.8281333,1,-.0844026,.8281333
0,-.1155848,-1.117189,1,.1155848,1.117189
0,2.167084,-1.296458,1,-2.167084,1.296458
0,1.311608,-.5263178,1,-1.311608,.5263178
0,-.6490005,-1.158427,1,.6490005,1.158427
0,.3713773,-1.613881,1,-.3713773,1.613881
0,-.2792615,-1.742337,1,.2792615,1.742337
0,-.0981206,-.6300829,1,.0981206,.6300829
0,.822399,-.7349651,1,-.822399,.7349651
0,.0058757,-.6465443,1,-.0058757,.6465443
0,1.599792,-1.731115,1,-1.599792,1.731115
0,.795648,-.980579,1,-.795648,.980579
0,-.4791312,-1.121056,1,.4791312,1.121056
0,-.7259289,-1.182587,1,.7259289,1.182587
0,-.0229679,-.4688358,1,.0229679,.4688358
0,.4120077,-1.112664,1,-.4120077,1.112664
0,.8028367,-1.898547,1,-.8028367,1.898547
0,.6005365,-1.229645,1,-.6005365,1.229645
0,-.8356967,-.9857634,1,.8356967,.9857634
0,-.6664215,-.6153412,1,.6664215,.6153412
0,-.9056533,-1.919199,1,.9056533,1.919199
0,.7354819,-.5827782,1,-.7354819,.5827782
0,1.06416,-.9892608,1,-1.06416,.9892608
0,.1420833,-1.053818,1,-.1420833,1.053818
0,1.150573,-.7255831,1,-1.150573,.7255831
0,.5307025,-.800643,1,-.5307025,.800643
0,-.1063744,-.7715194,1,.1063744,.7715194
0,-1.087976,-1.232372,1,1.087976,1.232372
0,-.5135141,-1.475741,1,.5135141,1.475741
0,.6148689,-2.062654,1,-.6148689,2.062654
0,2.019721,-1.72149,1,-2.019721,1.72149
0,.9147682,-2.011194,1,-.9147682,2.011194
0,.5196291,-.8697613,1,-.5196291,.8697613
0,-.424707,-.9858719,1,.424707,.9858719
0,2.670176,-.8590213,1,-2.670176,.8590213
0,-.3173904,-.8437297,1,.3173904,.8437297
0,-.9128203,-.509251,1,.9128203,.509251
0,-2.019929,-2.447215,1,2.019929,2.447215
0,2.127311,-.7986708,1,-2.127311,.7986708
0,.0011522,-1.512021,1,-.0011522,1.512021
0,-1.161687,-1.612868,1,1.161687,1.612868
0,.30413,-2.018291,1,-.30413,2.018291
0,-2.02047,-1.321282,1,2.02047,1.321282
0,.3770877,-1.867268,1,-.3770877,1.867268
0,-.2553729,-1.022327,1,.2553729,1.022327
0,-1.400451,-.4425665,1,1.400451,.4425665
0,.4600377,-1.041878,1,-.4600377,1.041878
0,-2.35609,-.420145,1,2.35609,.420145
0,-1.318681,-2.075601,1,1.318681,2.075601
0,-.1279356,-.8688571,1,.1279356,.8688571
0,-.0329867,-2.733373,1,.0329867,2.733373
0,-.3596328,-1.079525,1,.3596328,1.079525
0,.3038528,-.5167181,1,-.3038528,.5167181
0,-.1881906,-.5716645,1,.1881906,.5716645
0,.2677273,-.6151048,1,-.2677273,.6151048
0,-1.899558,-2.395678,1,1.899558,2.395678
0,-1.154258,-1.160676,1,1.154258,1.160676
0,1.348318,-1.000061,1,-1.348318,1.000061
0,.2678934,-1.892838,1,-.2678934,1.892838
0,-.6695494,-.4476306,1,.6695494,.4476306
0,1.145531,-1.632951,1,-1.145531,1.632951
0,-.4353498,-1.292159,1,.4353498,1.292159
0,.3631101,-.9241558,1,-.3631101,.9241558
0,.1966134,-.812393,1,-.1966134,.812393
0,1.439227,-.4540255,1,-1.439227,.4540255
0,.202835,-.4597531,1,-.202835,.4597531
0,.3255493,-.8455369,1,-.3255493,.8455369
0,-.3540378,-.4710548,1,.3540378,.4710548
0,.7044037,-2.492988,1,-.7044037,2.492988
0,-1.066839,-.7961655,1,1.066839,.7961655
0,.4594553,-.9850528,1,-.4594553,.9850528
0,.4361019,-.7665352,1,-.4361019,.7665352
0,.3240333,-.4358881,1,-.3240333,.4358881
0,-1.744996,-.4882895,1,1.744996,.4882895
0,.262493,-.5720161,1,-.262493,.5720161
0,-1.013862,-.7461277,1,1.013862,.7461277
0,1.254347,-.6643358,1,-1.254347,.6643358
0,-2.114902,-1.563683,1,2.114902,1.563683
0,1.660224,-.9753102,1,-1.660224,.9753102
0,1.654509,-.680905,1,-1.654509,.680905
0,.0557062,-1.33276,1,-.0557062,1.33276
0,-1.523462,-.5651026,1,1.523462,.5651026
0,1.254065,-.5124377,1,-1.254065,.5124377
0,-1.40158,-.5511919,1,1.40158,.5511919
0,-.7873423,-1.267705,1,.7873423,1.267705
0,.3411027,-.9756951,1,-.3411027,.9756951
0,1.552289,-.653452,1,-1.552289,.653452
0,.6242462,-.598834,1,-.6242462,.598834
0,-1.075499,-.8295749,1,1.075499,.8295749
0,-.4446124,-.730385,1,.4446124,.730385
0,.2145718,-.4176795,1,-.2145718,.4176795
0,-.1608935,-.7344437,1,.1608935,.7344437
0,-.0795151,-.8072812,1,.0795151,.8072812
0,-1.767816,-.4437759,1,1.767816,.4437759
0,1.834807,-.8956385,1,-1.834807,.8956385
0,.6350231,-.9229108,1,-.6350231,.9229108
0,-1.20673,-.8399647,1,1.20673,.8399647
0,.4117292,-.8361563,1,-.4117292,.8361563
0,.3598345,-.9415895,1,-.3598345,.9415895
0,.0520854,-.5543023,1,-.0520854,.5543023
0,-.6856881,-.8225866,1,.6856881,.8225866
0,-1.563579,-4.054734,1,1.563579,4.054734
0,1.697397,-1.085261,1,-1.697397,1.085261
0,-3.377002,-.7621015,1,3.377002,.7621015
0,-.5027449,-.6409258,1,.5027449,.6409258
0,.387572,-2.069893,1,-.387572,2.069893
0,-.6281042,-.5652202,1,.6281042,.5652202
0,.820183,-.7088659,1,-.820183,.7088659
0,1.196449,-.5665948,1,-1.196449,.5665948
0,.7900734,-.6441047,1,-.7900734,.6441047
0,-.4327047,-.5714603,1,.4327047,.5714603
0,.328666,-.988945,1,-.328666,.988945
0,.9043159,-.8710186,1,-.9043159,.8710186
0,-.7503534,-.5261441,1,.7503534,.5261441
0,-.5921709,-.481227,1,.5921709,.481227
0,.8018976,-1.860553,1,-.8018976,1.860553
0,-.6169464,-1.472771,1,.6169464,1.472771
0,-.725938,-.8221473,1,.725938,.8221473
0,.6509817,-1.44243,1,-.6509817,1.44243
0,.3181829,-.7488881,1,-.3181829,.7488881
0,.9123635,-.5791492,1,-.9123635,.5791492
0,1.535943,-1.898009,1,-1.535943,1.898009
0,-.1342803,-1.468365,1,.1342803,1.468365
0,-.1638945,-1.381894,1,.1638945,1.381894
0,-.9267721,-1.210839,1,.9267721,1.210839
0,.3303801,-.936343,1,-.3303801,.936343
0,.0028033,-1.445412,1,-.0028033,1.445412
0,-.5082797,-.628564,1,.5082797,.628564
0,-.693741,-1.719275,1,.693741,1.719275
0,-.4175977,-.4303001,1,.4175977,.4303001
0,-1.688925,-.5723795,1,1.688925,.5723795
0,2.666546,-.7473627,1,-2.666546,.7473627
0,-.544676,-.6839394,1,.544676,.6839394
0,1.209692,-.6117764,1,-1.209692,.6117764
0,-.5551465,-.4196877,1,.5551465,.4196877
0,-.5721371,-.6632804,1,.5721371,.6632804
0,-.8439742,-.9881892,1,.8439742,.9881892
0,.2281577,-.8444846,1,-.2281577,.8444846
0,-.3686504,-.4935932,1,.3686504,.4935932
0,-.1214472,-1.719942,1,.1214472,1.719942
0,-.4611785,-.8261974,1,.4611785,.8261974
0,.9287422,-.4382319,1,-.9287422,.4382319
0,1.067979,-1.204584,1,-1.067979,1.204584
0,-.2520581,-.95372,1,.2520581,.95372
0,-.4821516,-1.163492,1,.4821516,1.163492
0,-.8416113,-1.382645,1,.8416113,1.382645
0,.9507422,-.765265,1,-.9507422,.765265
0,.2581082,-.7153274,1,-.2581082,.7153274
0,-2.371024,-1.927802,1,2.371024,1.927802
0,.22884,-.8842752,1,-.22884,.8842752
0,.3137674,-2.220649,1,-.3137674,2.220649
0,1.992584,-1.230463,1,-1.992584,1.230463
0,-.6086035,-.9567741,1,.6086035,.9567741
0,.5015864,-.7537717,1,-.5015864,.7537717
0,-1.060822,-.5857743,1,1.060822,.5857743
0,-.3922363,-1.545924,1,.3922363,1.545924
0,-.8894005,-.9162394,1,.8894005,.9162394
0,-1.510371,-.6443427,1,1.510371,.6443427
0,.5433865,-.3980755,1,-.5433865,.3980755
0,.1772417,-.3236545,1,-.1772417,.3236545
0,.2418498,-.3773382,1,-.2418498,.3773382
0,.5438937,-.3195224,1,-.5438937,.3195224
0,-.3940077,-.3022302,1,.3940077,.3022302
0,2.118965,-.3571668,1,-2.118965,.3571668
0,-.0285152,-.406091,1,.0285152,.406091
0,.0027465,-.397628,1,-.0027465,.397628
0,-.0061856,-.3589576,1,.0061856,.3589576
0,-1.459966,-.3760574,1,1.459966,.3760574
0,-.2047812,-.3531455,1,.2047812,.3531455
0,-1.780565,-.330015,1,1.780565,.330015
0,-.5606882,-.3701418,1,.5606882,.3701418
0,-.7227746,-.3702443,1,.7227746,.3702443
0,.6805671,-.4017321,1,-.6805671,.4017321
0,-1.34139,-.3953424,1,1.34139,.3953424
0,-1.172265,-.3756283,1,1.172265,.3756283
0,.2066478,-.2794208,1,-.2066478,.2794208
0,-1.632332,-.381389,1,1.632332,.381389
0,-.8678414,-.3698938,1,.8678414,.3698938
0,.7273873,-.321545,1,-.7273873,.321545
0,-.6278419,-.3851135,1,.6278419,.3851135
0,1.984619,-.2980245,1,-1.984619,.2980245
0,-.4719207,-.3686832,1,.4719207,.3686832
0,-1.735398,-.4091549,1,1.735398,.4091549
0,.120262,-.3295758,1,-.120262,.3295758
0,-.010542,-.2790531,1,.010542,.2790531
0,1.544335,-.3014269,1,-1.544335,.3014269
0,-.9649891,-.3156594,1,.9649891,.3156594
0,.689586,-.3852974,1,-.689586,.3852974
0,-.2968189,-.32347,1,.2968189,.32347
0,1.066128,-.3652742,1,-1.066128,.3652742
0,.3916658,-.4037234,1,-.3916658,.4037234
0,2.101771,-.2913518,1,-2.101771,.2913518
0,.6889693,-.3623917,1,-.6889693,.3623917
0,-.040912,-.4020136,1,.040912,.4020136
0,.2722418,-.2809628,1,-.2722418,.2809628
0,1.014455,-.3591617,1,-1.014455,.3591617
0,.1685116,-.373849,1,-.1685116,.373849
0,-.5258937,-.3238678,1,.5258937,.3238678
0,-.3514507,-.3748861,1,.3514507,.3748861
0,.9746131,-.4066166,1,-.9746131,.4066166
0,-1.148353,-.3306974,1,1.148353,.3306974
0,-.0131876,-.2711859,1,.0131876,.2711859
0,-1.017114,-.2994638,1,1.017114,.2994638
0,1.318457,-.2970163,1,-1.318457,.2970163
0,.8918409,-.3961678,1,-.8918409,.3961678
0,.5282515,-.3205233,1,-.5282515,.3205233
0,.5741783,-.3393413,1,-.5741783,.3393413
0,-1.100161,-.3976319,1,1.100161,.3976319
0,1.088135,-.3257598,1,-1.088135,.3257598
0,1.413422,-.3964563,1,-1.413422,.3964563
0,.7662351,-.2892997,1,-.7662351,.2892997
0,-1.023942,-.2855656,1,1.023942,.2855656
0,-.7394911,-.2741955,1,.7394911,.2741955
0,-.1468373,-.3309074,1,.1468373,.3309074
0,-.5214172,-.2629075,1,.5214172,.2629075
0,-.1009064,-.2070197,1,.1009064,.2070197
0,-1.669633,-.1665166,1,1.669633,.1665166
0,.2142189,-.1589006,1,-.2142189,.1589006
0,-1.196153,-.1633236,1,1.196153,.1633236
0,-.6669741,-.1375967,1,.6669741,.1375967
0,-.5211516,-.2209968,1,.5211516,.2209968
0,-.2177507,-.2433975,1,.2177507,.2433975
0,.5397528,-.2392924,1,-.5397528,.2392924
0,1.649539,-.2417593,1,-1.649539,.2417593
0,.7292942,-.1622271,1,-.7292942,.1622271
0,-.4344378,-.2179383,1,.4344378,.2179383
0,1.220035,-.2097066,1,-1.220035,.2097066
0,-.214516,-.1459886,1,.214516,.1459886
0,.8923855,-.2487952,1,-.8923855,.2487952
0,-1.48762,-.2348286,1,1.48762,.2348286
0,-.6669646,-.2311305,1,.6669646,.2311305
0,.6849238,-.1480877,1,-.6849238,.1480877
0,-1.557726,-.1650272,1,1.557726,.1650272
0,-.9183055,-.1541143,1,.9183055,.1541143
0,.6467738,-.2489963,1,-.6467738,.2489963
0,-1.071081,-.199379,1,1.071081,.199379
0,-.5378503,-.2296275,1,.5378503,.2296275
0,2.183183,-.2397253,1,-2.183183,.2397253
0,-.1619401,-.2687126,1,.1619401,.2687126
0,.2877907,-.1750513,1,-.2877907,.1750513
0,-1.549987,-.1624362,1,1.549987,.1624362
0,.7994795,-.1999355,1,-.7994795,.1999355
0,-1.655504,-.2507545,1,1.655504,.2507545
0,.4929411,-.2554508,1,-.4929411,.2554508
0,-.0172462,-.2535843,1,.0172462,.2535843
0,2.026391,-.2210343,1,-2.026391,.2210343
0,1.006022,-.239805,1,-1.006022,.239805
0,-.5280014,-.1951067,1,.5280014,.1951067
0,1.522996,-.2057298,1,-1.522996,.2057298
0,-1.244296,-.1865666,1,1.244296,.1865666
0,.7811759,-.196036,1,-.7811759,.196036
0,.6996081,-.2602188,1,-.6996081,.2602188
0,-.1068213,-.2546465,1,.1068213,.2546465
0,.5890878,-.2043314,1,-.5890878,.2043314
0,.4154662,-.1613529,1,-.4154662,.1613529
0,-2.256182,-.2018449,1,2.256182,.2018449
0,.9007301,-.1760455,1,-.9007301,.1760455
0,.5594156,-.1317398,1,-.5594156,.1317398
0,-1.463749,-.2655504,1,1.463749,.2655504
0,-2.186297,-.145475,1,2.186297,.145475
0,1.052713,-.1611859,1,-1.052713,.1611859
0,.403289,.0134994,1,-.403289,-.0134994
0,-.0642376,.0324839,1,.0642376,-.0324839
0,-1.125079,-.0146153,1,1.125079,.0146153
0,-.5596422,.033657,1,.5596422,-.033657
0,1.468588,-.1212442,1,-1.468588,.1212442
0,-1.319803,.0390239,1,1.319803,-.0390239
0,1.182472,.0309928,1,-1.182472,-.0309928
0,-.0449102,-.0153341,1,.0449102,.0153341
0,-1.623443,-.041219,1,1.623443,.041219
0,-1.85253,-.0932675,1,1.85253,.0932675
0,-3.043295,.0413215,1,3.043295,-.0413215
0,.9281728,.0464567,1,-.9281728,-.0464567
0,-.9100709,.0374653,1,.9100709,-.0374653
0,.0614448,.0260548,1,-.0614448,-.0260548
0,-1.655375,-.0114623,1,1.655375,.0114623
0,1.42777,-.109239,1,-1.42777,.109239
0,.4133956,.0205019,1,-.4133956,-.0205019
0,-.9862583,-.056773,1,.9862583,.056773
0,-.5897157,-.1218883,1,.5897157,.1218883
0,-.4060115,-.0864495,1,.4060115,.0864495
0,-.3468083,.042161,1,.3468083,-.042161
0,.3598532,-.0232553,1,-.3598532,.0232553
0,-1.01323,.0392326,1,1.01323,-.0392326
0,-.0028376,-.0903512,1,.0028376,.0903512
0,1.692484,.042545,1,-1.692484,-.042545
0,-.4743738,.0308403,1,.4743738,-.0308403
0,.7811229,-.011091,1,-.7811229,.011091
0,.2924055,-.0034827,1,-.2924055,.0034827
0,-1.533283,-.0974035,1,1.533283,.0974035
0,-.161204,-.0377481,1,.161204,.0377481
0,-.0854002,-.013896,1,.0854002,.013896
0,-.6046957,-.0619114,1,.6046957,.0619114
0,-.7968287,-.011598,1,.7968287,.011598
0,-1.143907,-.0404368,1,1.143907,.0404368
0,-.9150145,-.0750682,1,.9150145,.0750682
0,.2635448,-.0222728,1,-.2635448,.0222728
0,.7414908,-.0424355,1,-.7414908,.0424355
0,.4695632,-.1126449,1,-.4695632,.1126449
0,-.2528172,-.0378115,1,.2528172,.0378115
0,-2.530958,-.0701491,1,2.530958,.0701491
0,.0243049,-.0788122,1,-.0243049,.0788122
0,-.0773366,-.1018171,1,.0773366,.1018171
0,-.3188458,-.0382967,1,.3188458,.0382967
0,.8625444,-.0054249,1,-.8625444,.0054249
0,-.410402,-.0195811,1,.410402,.0195811
0,-1.432146,.0330222,1,1.432146,-.0330222
0,1.005244,.0287509,1,-1.005244,-.0287509
0,-.1457005,.041529,1,.1457005,-.041529
0,1.382059,-.0525038,1,-1.382059,.0525038
0,.0937249,-.0174995,1,-.0937249,.0174995
0,-.1497709,-.0226044,1,.1497709,.0226044
0,-.5369752,-.0650391,1,.5369752,.0650391
0,-.7961355,-.1257979,1,.7961355,.1257979
0,-2.047985,-.115488,1,2.047985,.115488
0,-1.430856,-.1077129,1,1.430856,.1077129
0,-.6814885,-.1149902,1,.6814885,.1149902
0,.9391906,-.0622817,1,-.9391906,.0622817
0,1.1937,-.1163483,1,-1.1937,.1163483
0,-.4001928,-.067768,1,.4001928,.067768
0,.7470328,-.1211686,1,-.7470328,.1211686
0,.4725864,-.1218751,1,-.4725864,.1218751
0,-.3870874,.0096515,1,.3870874,-.0096515
0,1.280998,-.0469811,1,-1.280998,.0469811
0,-.3196342,-.0885673,1,.3196342,.0885673
0,-1.425269,-.0366214,1,1.425269,.0366214
0,.2643904,.0260164,1,-.2643904,-.0260164
0,-.2199108,-.105405,1,.2199108,.105405
0,-.855141,.0064348,1,.855141,-.0064348
0,-2.087513,-.1267363,1,2.087513,.1267363
0,1.433427,-.051693,1,-1.433427,.051693
0,-.31218,-.0251942,1,.31218,.0251942
0,.0061313,-.0031682,1,-.0061313,.0031682
0,2.36882,-.1202553,1,-2.36882,.1202553
0,-.0406359,-.1012957,1,.0406359,.1012957
0,-.1719539,-.118949,1,.1719539,.118949
0,-.2950423,-.0626262,1,.2950423,.0626262
0,-.7994523,-.0568339,1,.7994523,.0568339
0,-1.266815,.0861074,1,1.266815,-.0861074
0,-.5533516,.127649,1,.5533516,-.127649
0,-.1362714,.0483089,1,.1362714,-.0483089
0,.6325204,.1065097,1,-.6325204,-.1065097
0,.017006,.0862972,1,-.017006,-.0862972
0,.6427463,.1259368,1,-.6427463,-.1259368
0,.4301942,.144679,1,-.4301942,-.144679
0,-1.364559,.0695108,1,1.364559,-.0695108
0,-.6770836,.1068718,1,.6770836,-.1068718
0,.2510334,.0841592,1,-.2510334,-.0841592
0,.6088411,.1670958,1,-.6088411,-.1670958
0,1.168526,.0984763,1,-1.168526,-.0984763
0,-1.195198,.0874221,1,1.195198,-.0874221
0,-1.208062,.0699609,1,1.208062,-.0699609
0,-.2444259,.070472,1,.2444259,-.070472
0,3.156065,.1140747,1,-3.156065,-.1140747
0,.5619409,.0547029,1,-.5619409,-.0547029
0,.8928032,.1569833,1,-.8928032,-.1569833
0,.0936603,.1089813,1,-.0936603,-.1089813
0,.2347278,.1477426,1,-.2347278,-.1477426
0,-.1707483,.1175543,1,.1707483,-.1175543
0,-1.852558,.0583042,1,1.852558,-.0583042
0,-1.697516,.0731533,1,1.697516,-.0731533
0,-.3102981,.1110448,1,.3102981,-.1110448
0,-1.128078,.1301447,1,1.128078,-.1301447
0,-1.11312,.1589392,1,1.11312,-.1589392
0,-.0416225,.0954374,1,.0416225,-.0954374
0,1.45083,.1037462,1,-1.45083,-.1037462
0,-2.426936,.0819253,1,2.426936,-.0819253
0,.6663702,.0876606,1,-.6663702,-.0876606
0,1.799297,.1212424,1,-1.799297,-.1212424
0,.478088,.1042398,1,-.478088,-.1042398
0,.9256218,.1097297,1,-.9256218,-.1097297
0,.5745318,.1098723,1,-.5745318,-.1098723
0,.5390372,.160558,1,-.5390372,-.160558
0,-1.419544,.0931571,1,1.419544,-.0931571
0,.4112757,.1491351,1,-.4112757,-.1491351
0,-.826504,.0808696,1,.826504,-.0808696
0,.9033417,.0708019,1,-.9033417,-.0708019
0,-.8302121,.0873161,1,.8302121,-.0873161
0,-.949389,.1110013,1,.949389,-.1110013
0,-1.006438,.0785777,1,1.006438,-.0785777
0,1.41714,.0963347,1,-1.41714,-.0963347
0,-.8109891,.049344,1,.8109891,-.049344
0,-2.014953,.1547027,1,2.014953,-.1547027
0,-.4005409,.2203315,1,.4005409,-.2203315
0,.9913688,.1806719,1,-.9913688,-.1806719
0,-1.879241,.1807807,1,1.879241,-.1807807
0,.117831,.208355,1,-.117831,-.208355
0,1.009296,.203277,1,-1.009296,-.203277
0,-.6729935,.2365181,1,.6729935,-.2365181
0,.254365,.2259491,1,-.254365,-.2259491
0,.5356137,.1731247,1,-.5356137,-.1731247
0,-.4185961,.2369971,1,.4185961,-.2369971
0,1.056485,.2038833,1,-1.056485,-.2038833
0,-.5258718,.1779065,1,.5258718,-.1779065
0,.7126796,.2388781,1,-.7126796,-.2388781
0,-1.20226,.2254892,1,1.20226,-.2254892
0,1.553599,.2136977,1,-1.553599,-.2136977
0,.7026364,.1741578,1,-.7026364,-.1741578
0,-.7167734,.1939955,1,.7167734,-.1939955
0,-1.774959,.2375069,1,1.774959,-.2375069
0,-1.242446,.2158967,1,1.242446,-.2158967
0,-.820987,.2413009,1,.820987,-.2413009
0,.5404337,.1833705,1,-.5404337,-.1833705
0,.8680028,.1991556,1,-.8680028,-.1991556
0,-.3613392,.1765792,1,.3613392,-.1765792
0,-.905343,.2294105,1,.905343,-.2294105
0,1.260036,.1842929,1,-1.260036,-.1842929
0,-.5036618,.1838491,1,.5036618,-.1838491
0,-.0740261,.1744,1,.0740261,-.1744
0,-.9760779,.2646765,1,.9760779,-.2646765
0,-.8482254,.2605782,1,.8482254,-.2605782
0,.4319845,.2740842,1,-.4319845,-.2740842
0,.1918764,.2442582,1,-.1918764,-.2442582
0,-1.207216,.2634724,1,1.207216,-.2634724
0,.8317545,.274354,1,-.8317545,-.274354
0,1.60661,.2687547,1,-1.60661,-.2687547
0,1.079767,.2430157,1,-1.079767,-.2430157
0,-.7345145,.2651479,1,.7345145,-.2651479
0,-.1353067,.2793495,1,.1353067,-.2793495
0,-.4379643,.2788986,1,.4379643,-.2788986
0,-.5696929,.2496406,1,.5696929,-.2496406
0,-1.471218,.2508318,1,1.471218,-.2508318
0,-.5921881,.2694037,1,.5921881,-.2694037
0,-.3242053,.2931421,1,.3242053,-.2931421
0,.7920206,.2933303,1,-.7920206,-.2933303
0,1.168978,.2902551,1,-1.168978,-.2902551
0,-.9561685,.2952796,1,.9561685,-.2952796
0,-.9179136,.3011677,1,.9179136,-.3011677
0,-.7896271,.296152,1,.7896271,-.296152
0,-1.832761,.2832341,1,1.832761,-.2832341
0,.2987626,.2921087,1,-.2987626,-.2921087
0,-.2947626,.28223,1,.2947626,-.28223
0,-.5397555,.2995981,1,.5397555,-.2995981
0,-1.123698,.3146994,1,1.123698,-.3146994
0,-1.682401,.3631061,1,1.682401,-.3631061
0,.2568317,.3267916,1,-.2568317,-.3267916
0,1.95126,.3675711,1,-1.95126,-.3675711
0,1.92091,.3692409,1,-1.92091,-.3692409
0,-1.725892,.3898942,1,1.725892,-.3898942
0,-1.316788,.3730948,1,1.316788,-.3730948
0,.7432536,.3639091,1,-.7432536,-.3639091
0,-.9865524,.3757634,1,.9865524,-.3757634
0,-.4853332,.3557166,1,.4853332,-.3557166
0,-.2780722,.3789677,1,.2780722,-.3789677
0,.3867583,.3138734,1,-.3867583,-.3138734
0,.8907595,.393566,1,-.8907595,-.393566
0,1.934417,.3349088,1,-1.934417,-.3349088
0,-.0634307,.3308749,1,.0634307,-.3308749
0,-1.661543,.3799533,1,1.661543,-.3799533
0,.104953,.3733576,1,-.104953,-.3733576
0,1.621058,.3954741,1,-1.621058,-.3954741
0,1.033667,.3653134,1,-1.033667,-.3653134
0,.8304223,.312107,1,-.8304223,-.312107
0,-.2444035,.3191051,1,.2444035,-.3191051
0,.4035201,.319456,1,-.4035201,-.319456
0,.0938466,.3086586,1,-.0938466,-.3086586
0,.2184786,.3545655,1,-.2184786,-.3545655
0,.1532364,.3066024,1,-.1532364,-.3066024
0,-1.668862,.3152591,1,1.668862,-.3152591
0,-.6384663,.3057608,1,.6384663,-.3057608
0,-1.869661,.3748362,1,1.869661,-.3748362
0,1.181898,.3804483,1,-1.181898,-.3804483
0,-.5110433,.3017314,1,.5110433,-.3017314
0,-.323907,.3568887,1,.323907,-.3568887
0,.6141222,.3041696,1,-.6141222,-.3041696
0,1.337134,.3239398,1,-1.337134,-.3239398
0,.0161082,.3112494,1,-.0161082,-.3112494
0,.7355611,.3516893,1,-.7355611,-.3516893
0,1.66612,.3051447,1,-1.66612,-.3051447
0,-1.159988,.3460101,1,1.159988,-.3460101
0,-1.850067,.3214101,1,1.850067,-.3214101
0,-.2629154,.3049997,1,.2629154,-.3049997
0,1.474905,.3174956,1,-1.474905,-.3174956
0,-1.396926,.3635557,1,1.396926,-.3635557
0,.0097025,.3558856,1,-.0097025,-.3558856
0,1.785506,.393114,1,-1.785506,-.393114
0,1.756716,.3631233,1,-1.756716,-.3631233
0,-.3572759,.4373411,1,.3572759,-.4373411
0,.5772131,.4252636,1,-.5772131,-.4252636
0,.618949,.4270924,1,-.618949,-.4270924
0,-1.616088,.4194793,1,1.616088,-.4194793
0,-1.562522,.3981543,1,1.562522,-.3981543
0,-.9911576,.4138174,1,.9911576,-.4138174
0,1.581424,.4400567,1,-1.581424,-.4400567
0,.3237666,.406127,1,-.3237666,-.406127
0,.6999881,.4319009,1,-.6999881,-.4319009
0,.6793892,.4155993,1,-.6793892,-.4155993
0,-1.317472,.4122456,1,1.317472,-.4122456
0,-1.009641,.4296457,1,1.009641,-.4296457
0,-.5205613,.4034701,1,.5205613,-.4034701
0,-.3437473,.44179,1,.3437473,-.44179
0,-1.753259,.4483755,1,1.753259,-.4483755
0,2.088882,.4652987,1,-2.088882,-.4652987
0,-1.597501,.4665857,1,1.597501,-.4665857
0,-.4918339,.4771726,1,.4918339,-.4771726
0,.3855107,.4466273,1,-.3855107,-.4466273
0,-.6643091,.4548002,1,.6643091,-.4548002
0,.9610078,.4567364,1,-.9610078,-.4567364
0,-1.794213,.4671461,1,1.794213,-.4671461
0,-.2971596,.4515005,1,.2971596,-.4515005
0,-.2644641,.492358,1,.2644641,-.492358
0,-.7144881,.5003811,1,.7144881,-.5003811
0,1.233336,.50283,1,-1.233336,-.50283
0,2.254237,.5003576,1,-2.254237,-.5003576
0,1.564983,.4794627,1,-1.564983,-.4794627
0,.2726737,.4796959,1,-.2726737,-.4796959
0,-1.181807,.4982685,1,1.181807,-.4982685
0,1.414776,.4815187,1,-1.414776,-.4815187
0,.7386189,.506345,1,-.7386189,-.506345
0,.5050434,.4816277,1,-.5050434,-.4816277
0,.0971015,.4877667,1,-.0971015,-.4877667
0,-.4420604,.4961044,1,.4420604,-.4961044
0,-.1116407,.514981,1,.1116407,-.514981
0,.6755641,.5219078,1,-.6755641,-.5219078
0,.3650155,.5311977,1,-.3650155,-.5311977
0,-.4904996,.5334452,1,.4904996,-.5334452
0,.1354183,.5368385,1,-.1354183,-.5368385
0,-.1216314,.5382777,1,.1216314,-.5382777
0,-2.269431,.5363947,1,2.269431,-.5363947
0,.4362078,.5272053,1,-.4362078,-.5272053
0,-.4821459,.5313482,1,.4821459,-.5313482
0,-.2997836,.5452614,1,.2997836,-.5452614
0,1.979837,.5454754,1,-1.979837,-.5454754
0,-.3183856,.5309376,1,.3183856,-.5309376
0,-.7580703,.5338543,1,.7580703,-.5338543
0,-1.010068,.5431125,1,1.010068,-.5431125
0,.9926363,.5281874,1,-.9926363,-.5281874
0,.9526194,.5958596,1,-.9526194,-.5958596
0,.4658922,.5859231,1,-.4658922,-.5859231
0,.342264,.5807796,1,-.342264,-.5807796
0,.8645274,.5561102,1,-.8645274,-.5561102
0,.3130241,.5695772,1,-.3130241,-.5695772
0,2.24247,.587378,1,-2.24247,-.587378
0,1.007127,.5835891,1,-1.007127,-.5835891
0,1.071344,.5671207,1,-1.071344,-.5671207
0,2.528685,.5871381,1,-2.528685,-.5871381
0,.4628901,.5922477,1,-.4628901,-.5922477
0,.529366,.5640264,1,-.529366,-.5640264
0,-.1654112,.5930766,1,.1654112,-.5930766
0,.3864747,.5677977,1,-.3864747,-.5677977
0,.7521325,.6220473,1,-.7521325,-.6220473
0,-1.550475,.6137156,1,1.550475,-.6137156
0,.9108572,.6209368,1,-.9108572,-.6209368
0,.2536989,.611774,1,-.2536989,-.611774
0,-.2076949,.6165889,1,.2076949,-.6165889
0,.557389,.626298,1,-.557389,-.626298
0,-.0670613,.6246902,1,.0670613,-.6246902
0,-.7486569,.6576073,1,.7486569,-.6576073
0,.1981936,.6335944,1,-.1981936,-.6335944
0,1.028857,.6358705,1,-1.028857,-.6358705
0,.2952211,.658079,1,-.2952211,-.658079
0,-.0492973,.6414006,1,.0492973,-.6414006
0,.4719433,.6476558,1,-.4719433,-.6476558
0,-.5199938,.6512771,1,.5199938,-.6512771
0,-.6674395,.6604794,1,.6674395,-.6604794
0,.5270956,.6650624,1,-.5270956,-.6650624
0,.0079352,.6674967,1,-.0079352,-.6674967
0,.516915,.6679956,1,-.516915,-.6679956
0,2.805136,.7187749,1,-2.805136,-.7187749
0,.8635468,.7061086,1,-.8635468,-.7061086
0,-1.043853,.6923143,1,1.043853,-.6923143
0,-1.614217,.6825354,1,1.614217,-.6825354
0,-.5209944,.7051762,1,.5209944,-.7051762
0,-.601525,.6919875,1,.601525,-.6919875
0,-.3398616,.7119581,1,.3398616,-.7119581
0,-.0027553,.7011029,1,.0027553,-.7011029
0,-.9898711,.7171077,1,.9898711,-.7171077
0,.8789033,.7069303,1,-.8789033,-.7069303
0,-.1984538,.7137249,1,.1984538,-.7137249
0,.1905486,.691574,1,-.1905486,-.691574
0,.8693915,.6955501,1,-.8693915,-.6955501
0,1.09619,.6736209,1,-1.09619,-.6736209
0,-.6588491,.6973682,1,.6588491,-.6973682
0,-.9536434,.6982011,1,.9536434,-.6982011
0,1.302257,.692789,1,-1.302257,-.692789
0,-.3640829,.7283137,1,.3640829,-.7283137
0,-1.518385,.7375948,1,1.518385,-.7375948
0,.3833192,.7398562,1,-.3833192,-.7398562
0,-.7557089,.7304313,1,.7557089,-.7304313
0,-.4489198,.732988,1,.4489198,-.732988
0,-.7041605,.7308257,1,.7041605,-.7308257
0,1.78256,.7451443,1,-1.78256,-.7451443
0,.3263367,.7598595,1,-.3263367,-.7598595
0,1.786255,.7631745,1,-1.786255,-.7631745
0,.5647297,.7689523,1,-.5647297,-.7689523
0,-.1687106,.7638732,1,.1687106,-.7638732
0,-1.370946,.768052,1,1.370946,-.768052
0,-.0926346,.7700983,1,.0926346,-.7700983
0,-.4678988,.7868221,1,.4678988,-.7868221
0,.4671952,.7808384,1,-.4671952,-.7808384
0,.1827774,.8204427,1,-.1827774,-.8204427
0,-.6238596,.8195999,1,.6238596,-.8195999
0,.6402854,.7922227,1,-.6402854,-.7922227
0,-.2476107,.7958682,1,.2476107,-.7958682
0,-.5738074,.8193455,1,.5738074,-.8193455
0,.0914837,.784083,1,-.0914837,-.784083
0,-.8015628,.7751305,1,.8015628,-.7751305
0,1.677935,.7791559,1,-1.677935,-.7791559
0,1.970218,.8104369,1,-1.970218,-.8104369
0,-.3264093,.8290527,1,.3264093,-.8290527
0,-1.714076,.8135381,1,1.714076,-.8135381
0,-.3855705,.8176209,1,.3855705,-.8176209
0,1.164927,.8081286,1,-1.164927,-.8081286
0,-1.083418,.7872859,1,1.083418,-.7872859
0,-1.406525,.7811062,1,1.406525,-.7811062
0,-.9585015,.8247262,1,.9585015,-.8247262
0,.9108675,.8173886,1,-.9108675,-.8173886
0,.2283023,.7742699,1,-.2283023,-.7742699
0,-1.403078,.831195,1,1.403078,-.831195
0,-.6381492,.8109673,1,.6381492,-.8109673
0,-.675166,.8517613,1,.675166,-.8517613
0,1.194926,.8449039,1,-1.194926,-.8449039
0,-.3027593,.8508869,1,.3027593,-.8508869
0,-.563937,.8524482,1,.563937,-.8524482
0,-1.701351,.8392469,1,1.701351,-.8392469
0,-.6595092,.8475127,1,.6595092,-.8475127
0,.3139402,.8540344,1,-.3139402,-.8540344
0,-.9696504,.8742076,1,.9696504,-.8742076
0,.7469451,.913231,1,-.7469451,-.913231
0,.6498712,.8847017,1,-.6498712,-.8847017
0,-.1755734,.8955365,1,.1755734,-.8955365
0,.6293113,.8791126,1,-.6293113,-.8791126
0,-.9017183,.8961399,1,.9017183,-.8961399
0,-.5860977,.8757488,1,.5860977,-.8757488
0,-.6985812,.9157009,1,.6985812,-.9157009
0,-1.286218,.9220229,1,1.286218,-.9220229
0,-.4888867,.9326937,1,.4888867,-.9326937
0,1.274412,.9287306,1,-1.274412,-.9287306
0,.4125447,.927582,1,-.4125447,-.927582
0,1.300587,.9367666,1,-1.300587,-.9367666
0,.7535794,.9359088,1,-.7535794,-.9359088
0,-3.002462,.9397375,1,3.002462,-.9397375
0,.8280011,.9539928,1,-.8280011,-.9539928
0,.1055715,.9509649,1,-.1055715,-.9509649
0,-.0300172,.9649936,1,.0300172,-.9649936
0,-.4715123,.9581135,1,.4715123,-.9581135
0,-1.475238,.9650294,1,1.475238,-.9650294
0,-.2416452,.9669998,1,.2416452,-.9669998
0,.4781268,.9610465,1,-.4781268,-.9610465
0,-.9694462,.9739176,1,.9694462,-.9739176
0,.6044523,.9845344,1,-.6044523,-.9845344
0,-.9846781,.9886525,1,.9846781,-.9886525
0,.5886917,1.002376,1,-.5886917,-1.002376
0,-.9439552,1.022637,1,.9439552,-1.022637
0,-.0538309,1.011395,1,.0538309,-1.011395
0,1.197063,1.008897,1,-1.197063,-1.008897
0,-.7324256,1.012695,1,.7324256,-1.012695
0,.3010231,1.000812,1,-.3010231,-1.000812
0,1.529124,1.000737,1,-1.529124,-1.000737
0,.1245438,1.003637,1,-.1245438,-1.003637
0,-.5908806,1.039509,1,.5908806,-1.039509
0,-.4826196,1.054938,1,.4826196,-1.054938
0,-.847082,1.051694,1,.847082,-1.051694
0,2.419517,1.051078,1,-2.419517,-1.051078
0,.6466429,1.05298,1,-.6466429,-1.05298
0,.3289732,1.060708,1,-.3289732,-1.060708
0,-.6918313,1.059794,1,.6918313,-1.059794
0,.5494319,1.061493,1,-.5494319,-1.061493
0,-1.246788,1.071171,1,1.246788,-1.071171
0,-.6922517,1.122656,1,.6922517,-1.122656
0,-.0115706,1.098576,1,.0115706,-1.098576
0,-1.085437,1.110563,1,1.085437,-1.110563
0,.3862131,1.084242,1,-.3862131,-1.084242
0,.8029874,1.085156,1,-.8029874,-1.085156
0,-1.032537,1.104285,1,1.032537,-1.104285
0,.6730203,1.069258,1,-.6730203,-1.069258
0,-.1534776,1.091319,1,.1534776,-1.091319
0,.4256493,1.115889,1,-.4256493,-1.115889
0,-.309714,1.115905,1,.309714,-1.115905
0,.804467,1.071875,1,-.804467,-1.071875
0,-.1791935,1.091167,1,.1791935,-1.091167
0,.8651569,1.085117,1,-.8651569,-1.085117
0,1.077527,1.099978,1,-1.077527,-1.099978
0,1.609185,1.162979,1,-1.609185,-1.162979
0,1.480553,1.132901,1,-1.480553,-1.132901
0,-.0480813,1.165527,1,.0480813,-1.165527
0,1.719766,1.132856,1,-1.719766,-1.132856
0,-.9582206,1.148,1,.9582206,-1.148
0,1.42263,1.157105,1,-1.42263,-1.157105
0,.8556495,1.182406,1,-.8556495,-1.182406
0,-1.363315,1.137548,1,1.363315,-1.137548
0,.2577786,1.186536,1,-.2577786,-1.186536
0,2.807774,1.197163,1,-2.807774,-1.197163
0,-2.621722,1.188928,1,2.621722,-1.188928
0,1.118629,1.183689,1,-1.118629,-1.183689
0,-.5822304,1.193016,1,.5822304,-1.193016
0,-1.728873,1.184554,1,1.728873,-1.184554
0,-.317522,1.203439,1,.317522,-1.203439
0,-1.377463,1.204871,1,1.377463,-1.204871
0,1.129722,1.20242,1,-1.129722,-1.20242
0,.3164502,1.210706,1,-.3164502,-1.210706
0,.2967128,1.222583,1,-.2967128,-1.222583
0,-.2579295,1.221901,1,.2579295,-1.221901
0,1.898611,1.247717,1,-1.898611,-1.247717
0,-.1040362,1.245193,1,.1040362,-1.245193
0,-1.755187,1.253273,1,1.755187,-1.253273
0,.8624269,1.246625,1,-.8624269,-1.246625
0,.3608706,1.256477,1,-.3608706,-1.256477
0,.8824198,1.263504,1,-.8824198,-1.263504
0,-.5376731,1.277722,1,.5376731,-1.277722
0,.5414433,1.269063,1,-.5414433,-1.269063
0,.9079307,1.26474,1,-.9079307,-1.26474
0,.2627674,1.274184,1,-.2627674,-1.274184
0,.7896877,1.280074,1,-.7896877,-1.280074
0,.5326483,1.284156,1,-.5326483,-1.284156
0,.7002432,1.289421,1,-.7002432,-1.289421
0,-.6346121,1.294492,1,.6346121,-1.294492
0,.0244081,1.303083,1,-.0244081,-1.303083
0,.3208728,1.323188,1,-.3208728,-1.323188
0,-.3715094,1.318856,1,.3715094,-1.318856
0,.4726383,1.308609,1,-.4726383,-1.308609
0,1.067957,1.311498,1,-1.067957,-1.311498
0,-.0375413,1.32611,1,.0375413,-1.32611
0,1.441799,1.334671,1,-1.441799,-1.334671
0,1.7308,1.344237,1,-1.7308,-1.344237
0,-1.275129,1.341456,1,1.275129,-1.341456
0,.0037413,1.341277,1,-.0037413,-1.341277
0,-.3506225,1.357731,1,.3506225,-1.357731
0,.6195257,1.360723,1,-.6195257,-1.360723
0,1.386578,1.360917,1,-1.386578,-1.360917
0,.0281847,1.357228,1,-.0281847,-1.357228
0,-1.723595,1.378098,1,1.723595,-1.378098
0,.2966838,1.37783,1,-.2966838,-1.37783
0,.1479881,1.373626,1,-.1479881,-1.373626
0,-.8183637,1.383115,1,.8183637,-1.383115
0,1.322703,1.390653,1,-1.322703,-1.390653
0,.0347513,1.397043,1,-.0347513,-1.397043
0,-2.192733,1.397412,1,2.192733,-1.397412
0,1.743703,1.399575,1,-1.743703,-1.399575
0,1.243005,1.404393,1,-1.243005,-1.404393
0,-.5345775,1.41898,1,.5345775,-1.41898
0,-1.401219,1.427069,1,1.401219,-1.427069
0,.5055642,1.428477,1,-.5055642,-1.428477
0,-.8362219,1.45933,1,.8362219,-1.45933
0,2.402896,1.451752,1,-2.402896,-1.451752
0,-.6810179,1.447123,1,.6810179,-1.447123
0,-.447999,1.470249,1,.447999,-1.470249
0,-.5433706,1.45668,1,.5433706,-1.45668
0,.2347872,1.44699,1,-.2347872,-1.44699
0,-.3953555,1.469827,1,.3953555,-1.469827
0,-.1553668,1.448853,1,.1553668,-1.448853
0,.673398,1.465971,1,-.673398,-1.465971
0,.0990119,1.478271,1,-.0990119,-1.478271
0,-.8094949,1.511178,1,.8094949,-1.511178
0,.1604152,1.502922,1,-.1604152,-1.502922
0,.1754553,1.510723,1,-.1754553,-1.510723
0,1.709393,1.503757,1,-1.709393,-1.503757
0,1.067041,1.520801,1,-1.067041,-1.520801
0,-1.102206,1.552694,1,1.102206,-1.552694
0,2.322768,1.555314,1,-2.322768,-1.555314
0,2.350262,1.551795,1,-2.350262,-1.551795
0,1.037526,1.557644,1,-1.037526,-1.557644
0,.174008,1.57845,1,-.174008,-1.57845
0,-.2112271,1.56693,1,.2112271,-1.56693
0,-1.441081,1.57076,1,1.441081,-1.57076
0,-.5050143,1.603206,1,.5050143,-1.603206
0,-.5596504,1.600912,1,.5596504,-1.600912
0,-.9089339,1.626946,1,.9089339,-1.626946
0,.8419293,1.609666,1,-.8419293,-1.609666
0,.7453705,1.633149,1,-.7453705,-1.633149
0,.5074026,1.698925,1,-.5074026,-1.698925
0,-.4058924,1.683633,1,.4058924,-1.683633
0,-.523562,1.691665,1,.523562,-1.691665
0,.9740776,1.691796,1,-.9740776,-1.691796
0,.8313528,1.706957,1,-.8313528,-1.706957
0,-.2488628,1.711234,1,.2488628,-1.711234
0,.5042042,1.708587,1,-.5042042,-1.708587
0,1.031686,1.704687,1,-1.031686,-1.704687
0,-.0649316,1.706355,1,.0649316,-1.706355
0,-.7904529,1.71546,1,.7904529,-1.71546
0,-1.149925,1.720873,1,1.149925,-1.720873
0,-.7493009,1.721766,1,.7493009,-1.721766
0,.7244514,1.736999,1,-.7244514,-1.736999
0,-.7091302,1.750046,1,.7091302,-1.750046
0,.5785287,1.761301,1,-.5785287,-1.761301
0,-2.146054,1.755574,1,2.146054,-1.755574
0,1.987169,1.786636,1,-1.987169,-1.786636
0,.3004016,1.809725,1,-.3004016,-1.809725
0,1.089805,1.839356,1,-1.089805,-1.839356
0,.0730631,1.853145,1,-.0730631,-1.853145
0,-.5555815,1.874176,1,.5555815,-1.874176
0,1.588576,1.851684,1,-1.588576,-1.851684
0,.5945646,1.902224,1,-.5945646,-1.902224
0,.9407746,1.918528,1,-.9407746,-1.918528
0,-3.415276,1.929771,1,3.415276,-1.929771
0,-.6072551,1.949203,1,.6072551,-1.949203
0,.3209006,1.956419,1,-.3209006,-1.956419
0,1.629687,1.984497,1,-1.629687,-1.984497
0,-1.165599,2.010446,1,1.165599,-2.010446
0,.1890017,2.049203,1,-.1890017,-2.049203
0,-.2528127,2.09237,1,.2528127,-2.09237
0,.9160782,2.131545,1,-.9160782,-2.131545
0,-1.306206,2.103108,1,1.306206,-2.103108
0,-.1889046,2.130559,1,.1889046,-2.130559
0,-.4400304,2.201621,1,.4400304,-2.201621
0,-.1126942,2.187748,1,.1126942,-2.187748
0,.0703201,2.148052,1,-.0703201,-2.148052
0,-1.783437,2.150913,1,1.783437,-2.150913
0,.6026562,2.162139,1,-.6026562,-2.162139
0,-1.750436,2.232648,1,1.750436,-2.232648
0,-.7873521,2.237547,1,.7873521,-2.237547
0,-.2353403,2.236976,1,.2353403,-2.236976
0,-1.177986,2.26819,1,1.177986,-2.26819
0,.5016548,2.334454,1,-.5016548,-2.334454
0,-.098094,2.375205,1,.098094,-2.375205
0,-.089269,2.393731,1,.089269,-2.393731
0,-.0948992,2.460887,1,.0948992,-2.460887
0,-1.984908,3.383313,1,1.984908,-3.383313
0,-1.492977,3.483944,1,1.492977,-3.483944
